operon,left,right,strand
astCADBE,1823979,1830006,-
fkpA,3474629,3475441,-
aqpZ,914575,915270,-
dnaAN-recF,3878171,3881752,-
uspB,3637408,3637743,-
cbl,2057988,2058938,-
dctA,3680184,3681470,-
fabB,2438407,2439627,-
fliC,2000134,2001630,-
flgAMN,1128637,1130086,-
aer,3215578,3217098,-
ycgR,1243016,1243750,-
nanATEK-yhcH,3367036,3371598,-
dcuC,653806,655191,-
ribA,1336594,1337184,-
pth-ychF,1255944,1257736,-
pspF,1364959,1365936,-
cusRS,592551,594666,-
inaA,2346844,2347494,-
iscRSUA,2657585,2660153,-
glcDEFGBA,3117619,3126043,-
gcd,138835,141225,-
mfd,1169741,1173187,-
metNIQ,220113,222645,-
serA,3055200,3056432,-
treR,4464322,4465269,-
mgrB,1906647,1906790,-
fiu,838472,840754,-
exbBD,3148840,3150006,-
fhuE,1158585,1160774,-
gyrB,3875728,3878142,-
sufABCDSE,1756898,1762410,-
narU,1540696,1542084,-
metJ,4126101,4126418,-
copA,508099,510603,-
chiA,3465182,3467875,-
yhhX,3577791,3578828,-
ygaC,2797672,2798016,-
hlyE,1228706,1229617,-
rnb,1345002,1346936,-
rtcBA,3553855,3556101,-
aspA-dcuA,4363495,4366350,-
aroP,120178,121551,-
nac,2059040,2059957,-
phoPQ,1187539,1189670,-
xylAB,3725940,3728788,-
torYZ,1952602,1956156,-
grxA,889719,889976,-
cedA,1811445,1811687,-
zraP,4199286,4199711,-
rsd,4194355,4194831,-
xapR,2519615,2520499,-
torR,1056485,1057177,-
adiY,4335191,4335952,-
rihB,2252267,2253208,-
aroKB-damX-dam-rpe-gph-trpS,3510656,3517086,-
cvpA-purF-ubiX,2426079,2428785,-
ompC,2309668,2310771,-
yhfA,3483436,3483840,-
glmUS,3909862,3913223,-
metT-leuW-glnUW-metU-glnVX,695653,696356,-
serT,1030848,1030935,-
serX,1096788,1096875,-
tyrTV-tpr,1286310,1286845,-
serU,2041492,2041581,-
alaWX,2516063,2516253,-
serV-argVYZQ,2815806,2816667,-
glyU,2997006,2997079,-
proK,3706639,3706715,-
pheU,4360574,4360649,-
leuQPV,4604102,4604424,-
ompR-envZ,3532538,3534606,-
rpoH,3597952,3598806,-
msrA,4439561,4440199,-
ampC,4375834,4376967,-
edd-eda,1930139,1932628,-
mobAB,4038929,4040022,-
trpLEDCBA,1314440,1321106,-
xapAB,2520751,2522900,-
arcA,4637613,4638329,-
putA,1074143,1078105,-
cutA,4363041,4363379,-
napFDAGHBC-ccmABCDEFGH,2289380,2301519,-
gadBC,1566978,1570069,-
paaZ,1449621,1451666,-
glpEGR,3557870,3559846,-
hydN-hypF,2833195,2836127,-
garPLRK-rnpB,3268238,3272929,-
rnc-era-recO-pdxJ-acpS,2698640,2702085,-
feaR,1444402,1445307,-
tpx,1386329,1386835,-
adhE,1294669,1297344,-
pcnB-folK,157253,159126,-
pntAB,1672996,1675927,-
potABCD,1181006,1184817,-
rcsC,2315049,2317850,-
rfbBDACX,2106361,2111085,-
rph-pyrE,3813150,3814572,-
rplM-rpsI,3375837,3376673,-
rplNXE-rpsNH-rplFR-rpsE-rpmD-rplO-secY-rpmJ,3440640,3446171,-
rpsJ-rplCDWB-rpsS-rplV-rpsC-rplP-rpmC-rpsQ,3446336,3451292,-
rpsLG-fusA-tufA,3468167,3472574,-
rpsMKD-rpoA-rplQ,3437638,3440493,-
rpsP-rimM-trmD-rplS,2742205,2744207,-
ruvAB,1942370,1944000,-
selAB,3756040,3759272,-
ydjA-selD-topB,1843023,1846700,-
sspAB,3374301,3375442,-
thiCEFSGH,4188758,4194122,-
udk-dcd,2139658,2140972,-
uxaB,1607253,1608704,-
xseB-ispA-dxs-yajO,436385,440567,-
focA-pflB,950495,953689,-
osmB,1341134,1341352,-
otsBA,1978212,1980411,-
csgDEFG,1100074,1102419,-
stpA,2796113,2796517,-
treA,1244902,1246599,-
osmE,1819942,1820280,-
htpX,1909719,1910600,-
ibpAB,3864492,3865445,-
mngR,764376,765098,-
grpE,2748137,2748730,-
gltA,752408,753691,-
glgS,3189761,3189961,-
clpB,2729622,2732195,-
lrhA,2403725,2404663,-
lysU,4351223,4352740,-
trmA,4160193,4161293,-
upp-uraA,2616893,2618894,-
nlpD-rpoS,2864581,2866775,-
nuoABCEFGHIJKLMN,2388070,2403094,-
tsx,430353,431237,-
livKHMGF,3590747,3595583,-
fecIR,4514787,4516258,-
ppiA,3489747,3490319,-
cadBA,4354493,4358054,-
dcuB-fumB,4343703,4346767,-
fruBKA,2257741,2261517,-
ppsA,1782758,1785136,-
fepA-entD,608682,611717,-
fepB,622777,623733,-
fepDGC,618607,621412,-
mglBAC,2234765,2238370,-
gcvTHP,3044190,3048689,-
gcvA,2939672,2940589,-
glnHPQ,844964,847227,-
glpFKX,4112592,4116113,-
dps,847631,848134,-
leuLABCD,78848,83708,-
livJ,3596578,3597681,-
lysA,2975659,2976921,-
malI,1696176,1697204,-
fpr,4111749,4112495,-
glyA,2682276,2683529,-
pncB,988377,989579,-
pstSCAB-phoU,3904876,3909548,-
speAB,3080899,3083933,-
guaBA,2628980,2632092,-
wza-wzb-wzc-wcaAB,2130091,2135267,-
rhaT,4097514,4098548,-
zwf,1932863,1934338,-
soxS,4275083,4275406,-
treBC,4461077,4464203,-
araBAD,65855,70048,-
fadBA,4025632,4028994,-
glpTQ,2347957,2350396,-
rhaBAD,4091471,4095471,-
kbl-tdh,3788343,3790574,-
argE,4151719,4152870,-
gntRKU,3573744,3576749,-
accD,2431034,2431948,-
acrAB,480478,484843,-
adiA,4336277,4338544,-
ascG,2836276,2837286,-
atpIBEFHAGDC,3913576,3920463,-
basRS,4330204,4331973,-
btuCED,1790833,1793176,-
caiTABCDE,34781,41931,-
chbBCARFG,1814410,1819643,-
cobUST,2061412,2063788,-
cydDC,926697,930185,-
dcm-vsr,2028472,2030341,-
dppABCDF,3699887,3705728,-
envY-ompT,583903,586131,-
fdoGHI-fdhE,4078322,4083845,-
ftsYEX,3599051,3602266,-
glyQS,3720351,3723341,-
hemCDXY,3984709,3988789,-
hipBA,1588878,1590466,-
hslVU,4118439,4120310,-
hybOABCDEFG,3137738,3144283,-
kdpDE,720279,723637,-
lepAB,2702357,2705146,-
lgt-thyA,2962383,2964059,-
minCDE,1223502,1225303,-
moeAB,863603,865587,-
motAB-cheAW,1970860,1975163,-
narZYWV,1533961,1540614,-
nfrBA,587205,592401,-
panBC,147944,149601,-
bioA,807191,808480,-
cirA,2242800,2244791,-
fnr,1396798,1397550,-
frdABCD,4377030,4380341,-
galS,2238650,2239690,-
galETKM,787020,791278,-
glnALG,4051892,4056057,-
ilvY,3954950,3955843,-
lacZYA,360473,365529,-
malEFG,4240649,4244442,-
malPQ,3546008,3550495,-
melR,4338743,4339651,-
ompA,1018236,1019276,-
ompF,985117,986205,-
hflD-purB,1189839,1191854,-
purC,2594927,2595640,-
purHD,4202665,4205555,-
purL,2689678,2693565,-
pyrC,1120784,1121830,-
recAX,2820161,2821791,-
sulA,1019633,1020142,-
uvrA,4269072,4271894,-
ada-alkB,2306713,2308427,-
ansB,3097704,3098750,-
cysJIH,2885600,2889920,-
purEK,550750,552323,-
phoE,258269,259324,-
fabA,1015175,1015693,-
mtr,3302595,3303839,-
araFGH,1980578,1984152,-
araJ,410521,411705,-
cyoABCDE,446039,450834,-
mdh,3381352,3382290,-
argD,3486982,3488202,-
betIBA,324801,328558,-
cadC,4358419,4359957,-
cpdB,4432645,4434588,-
speC,3105042,3107177,-
tdcABCDEFG,3256307,3265087,-
uhpT,3843799,3845190,-
fucAO,2929887,2931710,-
flhDC,1975290,1976221,-
aldB,3752996,3754534,-
hns,1291732,1292145,-
gyrA,2334815,2337442,-
cynR,357015,357914,-
cysPUWAM,2536694,2541550,-
cysDNC,2871409,2874351,-
dsdC,2474716,2475651,-
fecABCDE,4508713,4514700,-
fdhF,4295242,4297389,-
narXL,1274402,1276841,-
cytR,4121454,4122479,-
ugpBAECQ,3585393,3590348,-
ybhK,814962,815870,-
lysP,2245085,2246554,-
gltX,2517279,2518694,-
alaS,2817403,2820033,-
pepD,254259,255716,-
aspC,983742,984932,-
blc,4375212,4375745,-
cspD,921589,921813,-
cysE,3779764,3780585,-
hisS,2637323,2638597,-
ppc,4148470,4151121,-
lysC,4229907,4231256,-
uvrYC,1990898,1993383,-
proS,217057,218775,-
agaR,3275878,3276687,-
ssuEADCB,992500,996735,-
rnhA,235535,236002,-
cspI,1636479,1636691,-
cspB,1639363,1639578,-
alkA,2144716,2145564,-
argF,288525,289529,-
argI,4475330,4476334,-
aroF-tyrA,2736970,2739172,-
sixA,2454349,2454834,-
asnW,2056051,2056126,-
argT-hisJQMP,2421758,2425813,-
ddpXABCDF,1555136,1561100,-
yggN,3098926,3099645,-
iclR,4220827,4221651,-
yaiS,383283,383840,-
kch,1307040,1308293,-
gudPXD,2916067,2920122,-
znuA,1939675,1940607,-
idnDOTR,4488164,4492429,-
csrB,2922178,2922546,-
nrdDG,4457923,4460683,-
bglGFB,3900312,3904590,-
asnB,696736,698400,-
gntP,4547976,4549319,-
uxaCA,3239849,3242763,-
yjaB,4211703,4212146,-
uidR,1694486,1695076,-
gnd,2097886,2099292,-
ulaG,4416584,4417648,-
pdxB-usg-truA-dedA,2432104,2435873,-
fadIJ,2455037,2458491,-
aes,498238,499197,-
arcB,3348711,3351047,-
mcrBC,4574935,4577360,-
epd-pgk-fbaA,3068187,3071713,-
artPIQM,900089,902957,-
gatYZABCD,2169857,2175226,-
hycABCDEFGHI,2840595,2848457,-
allS,530519,531445,-
fhuF,4602898,4603686,-
ydeP,1582231,1584510,-
borD,577823,578116,-
rob,4632464,4633333,-
hemL,173602,174882,-
ybjG,882015,882611,-
rpsT,20815,21078,-
dhaKLM,1246919,1250061,-
tpiA,4108763,4109530,-
aspS,1946774,1948546,-
ansP,1522505,1524004,-
msyB,1113030,1113404,-
artJ,899067,899798,-
ybjP,903175,903690,-
yggE,3065362,3066102,-
metR,4009886,4010839,-
nudB-yebC-ruvC,1944879,1946656,-
dinQ,3645728,3645811,-
ybfE,710828,711121,-
bdm-sra,1553850,1554304,-
hcaR,2666028,2666918,-
prpR,346081,347667,-
mntH,2509490,2510728,-
rpiA,3056688,3057347,-
ves,1822386,1822961,-
glk,2506483,2507448,-
bglX,2217714,2220011,-
sthA,4157413,4158813,-
polB,63429,65780,-
bacA,3201332,3202153,-
fliE,2010724,2011038,-
dcuSR,4347338,4349685,-
ldhA,1439878,1440867,-
bcsABZC,3683723,3693259,-
ydhB,1736890,1737822,-
ydhP,1734145,1735314,-
fbp,4452634,4453632,-
yzfA,4445999,4446268,-
yegRZ,2165626,2166330,-
cpxRA,4101625,4103693,-
emrKY,2478660,2481361,-
yfeYX,2547668,2549238,-
rutABCDEFG,1067734,1073234,-
spy,1823164,1823649,-
ycaC,944154,944780,-
greA,3326261,3326737,-
flhBAE,1960604,1964215,-
rne,1140405,1143590,-
yhjJ,3678467,3679963,-
plsB,4252066,4254489,-
yicJI,3830242,3833952,-
ytfE,4429344,4430006,-
ygbA,2854475,2854828,-
pyrLBI,4469009,4470556,-
bssS,1119924,1120178,-
fbaB,2175534,2176586,-
pgaABCD,1085329,1091512,-
yahN,344890,345561,-
yaiY,398249,398557,-
ybaK,505827,506306,-
ybcY,581375,581959,-
ybeQ,674793,675770,-
ybeT,678075,678629,-
ybhA,796836,797654,-
ybhD,798845,799861,-
ybiA,831691,832173,-
ydiU,1787832,1789268,-
oxyS,4156308,4156417,-
panD,146314,146694,-
pdxK,2534408,2535259,-
pepE,4227476,4228165,-
ppa,4447145,4447675,-
proC,404059,404868,-
rdgC,408332,409243,-
rfaH,4022356,4022844,-
rhtB,4006462,4007082,-
ribC,1740625,1741266,-
tusA,3606774,3607019,-
slyA,1718414,1718848,-
sraA,457952,458008,-
ybaP,506510,507304,-
tesB,473525,474385,-
tp2,122697,122857,-
uspG,640662,641090,-
yaaI,11382,11786,-
yacH,129407,131260,-
yafC,229967,230881,-
yafU,238746,239084,-
yafV,239419,240189,-
acs-yjcH-actP,4281276,4285394,-
tar-tap-cheRBYZ,1964417,1970715,-
thrS-infC-rpmI-rplT-pheMST-ihfA,1793277,1800594,-
ldrD,3698003,3698110,-
ligB,3817511,3819193,-
luxS,2812240,2812755,-
ldrC,1269461,1269568,-
ygiZ,3169901,3170233,-
omrB,2974326,2974407,-
omrA,2974124,2974211,-
acpH,423561,424142,-
ais,2363040,2363642,-
amiC,2945779,2947032,-
ampH,394354,395511,-
aslA,3982375,3984030,-
azoR,1480279,1480884,-
bioH,3542096,3542866,-
bisC,3712084,3714417,-
can,142008,142670,-
chaA,1269972,1271072,-
crcB,656778,657161,-
cspH,1050186,1050398,-
dcp,1623359,1625404,-
ddlA,399053,400147,-
dsrA,2023251,2023337,-
dsrB,2022659,2022847,-
envR,3410825,3411487,-
fadE,240859,243303,-
fimZ,563071,563703,-
ggt,3583104,3584846,-
gltS,3825483,3826688,-
grxD,1731778,1732125,-
hdfR,3945151,3945990,-
hokA,3718471,3718623,-
nudE,3523611,3524171,-
norR,2828797,2830311,-
nlpA,3837198,3838016,-
mug,3212989,3213495,-
marC,1616267,1616932,-
insG,4500126,4501454,-
intD,564038,565201,-
kdgR,1907332,1908123,-
ldrA,1268391,1268498,-
ldrB,1268926,1269033,-
ycaN,947883,948791,-
ycbX,1005714,1006823,-
yceF,1145234,1145818,-
ycgB,1234932,1236464,-
ychN,1272469,1272822,-
yciN,1328441,1328692,-
ycjW,1380987,1381985,-
ydcI,1492172,1493095,-
ydcK,1497493,1498473,-
ydcO,1502929,1504104,-
yddH,1531306,1531875,-
eamA,1618262,1619161,-
ydgC,1679719,1680054,-
ydgJ,1701292,1702332,-
ydhQ,1742895,1744151,-
ydiP,1776414,1777325,-
ydiY,1803349,1804107,-
yecH,1987275,1987514,-
yedD,2005701,2006114,-
yegI,2147063,2149009,-
yejK,2280962,2281969,-
yfaL,2338439,2342191,-
yfbK,2382017,2383744,-
yfbN,2385732,2386448,-
yfdY,2493072,2493314,-
yfeR,2523952,2524878,-
yfgO,2612842,2613903,-
yfiC,2710049,2710786,-
yfiE,2712461,2713342,-
yfiF,2715513,2716550,-
yfjH,2755666,2756622,-
ygbI,2858489,2859286,-
ygdI,2940940,2941167,-
ygeV,3002030,3003808,-
yggR,3092122,3093102,-
ygiD,3179641,3180456,-
yhiN,3634231,3635433,-
yhjB,3669315,3669917,-
yiaF,3716357,3717067,-
yiaT,3749151,3749891,-
yibT,3774194,3774403,-
yidR,3866085,3867332,-
yifB,3946472,3948022,-
yigE,3998315,3999079,-
yihA,4048156,4048752,-
yjcB,4272783,4273064,-
yjeH,4367179,4368435,-
yjfY,4422539,4422814,-
yjfZ,4424651,4425445,-
yjgA,4455337,4455888,-
yjgM,4477057,4477560,-
yjhD,4504649,4504879,-
yjiC,4553513,4554343,-
yjiR,4568185,4569597,-
yjjX,4631256,4631768,-
ynaI,1392915,1393946,-
yncD,1518987,1521089,-
ynfC,1654771,1655481,-
yniB,1806721,1807257,-
ynjF,1838807,1839427,-
ynjH,1839887,1840159,-
yoaE,1898053,1899609,-
yoaF,1875302,1875556,-
yoaH,1892576,1892755,-
yoaI,1872102,1872206,-
yqeK,2987957,2988382,-
yqgD,3084421,3084672,-
yqhA,3146999,3147493,-
yqhC,3152284,3153240,-
ysgA,4013377,4014192,-
ytfB,4426102,4426740,-
zur,4257511,4258026,-
ygjH,3218937,3219269,-
yhaJ,3251340,3252236,-
yhbP,3297494,3297937,-
yhgE,3528737,3530461,-
yhhM,3603274,3603633,-
yhhS,3608539,3609756,-
ybjX,917351,918307,-
gpmA,786066,786818,-
rrsD-ileU-alaU-rrlD-rrfD-thrV-rrfF,3421445,3426784,-
rrsG-gltW-rrlG-rrfG,2724091,2729179,-
lpxL,1114885,1115805,-
yicR-rpmBG-mutM,3808366,3810582,-
yjjB-dnaTC-yjjA,4597718,4599973,-
pdxH-tyrS-pdxY,1713050,1716031,-
ryjA,4275950,4276089,-
ytfJ,4436731,4437285,-
uidABC,1689610,1694095,-
yghF,3110076,3110942,-
ryhB,3578950,3579039,-
yihG,4043693,4044625,-
ybjS,904963,905976,-
yaiP,381963,383159,-
yajI,431536,432075,-
ybaE,464836,466536,-
rybB,887200,887280,-
yiaB,3725430,3725771,-
yibF,3759370,3759978,-
yibIH,3768266,3769767,-
nudF-yqiB-cpdA-yqiA-parE,3171526,3175932,-
ygcS,2894555,2895892,-
pyrG-eno,2904665,2907688,-
syd,2922757,2923302,-
ppdAB-ygdB-ppdC-recC,2957082,2962199,-
yfbS,2407542,2409374,-
yfcE,2417256,2417810,-
yfdONMLK,2469099,2471268,-
yecJ,1985531,1985782,-
yedRJ,2030408,2031508,-
ydfUT,1640513,1642328,-
dicC-ydfXW,1645198,1645874,-
stfE-tfaE,1207740,1208878,-
ycgX,1211926,1212330,-
ymgGD,1221528,1222142,-
yciGFE,1312742,1314059,-
yciK-btuR,1325791,1327136,-
sapABCDF,1349852,1355134,-
ybgQPO,747144,751392,-
ybiJ,836888,837148,-
rhtA,848433,849320,-
ybiYW,859397,862761,-
yijF,4135063,4135680,-
adiC,4333717,4335054,-
yhiI-rbbA-yhhJ,3623702,3628625,-
yacC-speED,134788,136917,-
ptrA-recBD,2948657,2956906,-
tesA-ybbO,517564,518989,-
ytjB-lplA,4621124,4622812,-
map-glnD-dapD,185123,189506,-
mhpR-lacI,365652,367644,-
yjeJ,4371388,4372257,-
rsgA,4388480,4389532,-
yjfN,4414040,4414315,-
ulaR,4415721,4416476,-
ytfF,4430114,4431088,-
ytfL,4437895,4439238,-
yjgH,4470837,4471232,-
pepA,4482463,4483974,-
yjgR,4486584,4488086,-
dsbD-yjdC,4360756,4363065,-
yjhU,4517361,4518347,-
yjhF,4518694,4520043,-
yjhIHG,4520150,4523826,-
sgcXBCQAER,4524129,4529674,-
yjhP,4530460,4531206,-
yjiHG-iadA,4556377,4558703,-
yjiJ,4559520,4560698,-
yjiK,4560766,4561734,-
yjiML,4561945,4563873,-
mdtM-yjiN,4563989,4566542,-
yjiXA,4585932,4587102,-
yjjP,4600111,4600881,-
rsmC,4604692,4605723,-
yjjW,4612703,4613566,-
yjjI,4613538,4615088,-
coaA,4172099,4173049,-
cyaY,3991762,3992082,-
bax,3734376,3735200,-
yghO,3127065,3128237,-
C0614,2651474,2651560,-
ypfM,2588829,2588888,-
yeiW,2263063,2263317,-
yncL,1515123,1515218,-
yncJ,1506858,1507088,-
nepI,3838572,3839762,-
yicN,3839973,3840425,-
yidHGF,3853137,3854330,-
yidKJ,3854934,3858139,-
glvCBG-ysdC,3859196,3861626,-
yidE,3862635,3864296,-
dgoRKADT,3868461,3873183,-
yidA,3874163,3874975,-
yidB,3875090,3875488,-
bglH-yieLK,3896694,3900243,-
ravA-viaA,3926175,3929116,-
yieP-hsrA,3937208,3939350,-
ppiC,3957555,3957836,-
gpp,3960768,3962252,-
rhlB,3962388,3963653,-
yigGF,4000442,4001216,-
rarD,4001311,4002201,-
yigI,4002253,4002720,-
ompL,4061626,4062318,-
yihPO,4062386,4065238,-
yihQ,4065263,4067299,-
yihR,4067498,4068424,-
yihUTS,4068538,4071594,-
frvABXR,4086130,4090846,-
yiiQ,4109638,4110237,-
yiiX,4125309,4125917,-
ptsA-fsaB-gldA,4135955,4140244,-
yijO,4145489,4146340,-
sroH,4188350,4188510,-
arpA,4218324,4220510,-
yjbD,4229382,4229654,-
xylE,4238802,4240277,-
yjcF,4279806,4281098,-
yjcO,4294459,4295148,-
mdtNOP,4297587,4302132,-
yjcS,4302635,4304620,-
yjdN,4323321,4323764,-
yjdM,4324422,4324757,-
yjdF,4342952,4343581,-
nlpI,3306062,3306946,-
yhbX,3318010,3319635,-
folP-glmM,3320755,3322933,-
elbB-mtgA,3347103,3348481,-
yhcC,3351143,3352072,-
nanR,3371720,3372511,-
yhcO,3383879,3384151,-
aaeXAB,3384243,3387359,-
tldD,3388605,3390050,-
yhdP,3390480,3394280,-
yhdN-zntR,3436727,3437531,-
bfd-bfr,3464271,3465013,-
yheO-tusDCB,3472700,3474462,-
slyD,3475929,3476519,-
kefGB-yheV,3476614,3479183,-
yhfXW-php-yhfUTS,3502957,3508998,-
yhfZY,3509082,3510366,-
hofQ,3517487,3518725,-
yzgL,3561747,3562028,-
asd,3571798,3572901,-
yhhW,3576973,3577668,-
yhiJ,3628991,3630613,-
yhiL,3631243,3632481,-
yhjG,3674313,3676388,-
eptB,3706807,3708498,-
yhjX,3708822,3710030,-
yhjY,3710259,3710957,-
ysaB,3723436,3723735,-
yiaA,3724947,3725384,-
yiaWV,3750986,3752451,-
yiaY,3754699,3755850,-
htrL,3790849,3791706,-
kduD,2980519,2981280,-
kduI,2981310,2982146,-
yqeF,2982433,2983614,-
ygeLK,2992482,2993114,-
ygeP,2995711,2996010,-
ygeQ,2996056,2996850,-
ygeR,2997158,2997913,-
yqeB,3010636,3012261,-
yqeC,3012309,3013079,-
ygfTS,3026546,3028953,-
yqfA,3040511,3041170,-
yqfB,3041334,3041645,-
ygfF,3043180,3043923,-
yqfE,3057403,3057633,-
ygfI,3064299,3065195,-
argO,3066195,3066830,-
mscS,3066969,3067829,-
yggM,3096580,3097587,-
yghED,3108612,3110010,-
yghG,3111089,3111499,-
pppA,3111565,3112374,-
yghJ,3112572,3117134,-
yghQ,3129363,3130430,-
yghSR,3130476,3131979,-
pitB,3132894,3134393,-
yghW,3144472,3144759,-
ygiQ,3156949,3159168,-
parC,3161737,3163995,-
ygiS,3164133,3165740,-
ygiV,3166771,3167253,-
ygiW,3167306,3167698,-
ygiF-glnE,3194823,3198987,-
rlmG,3232761,3233897,-
ygjV,3239215,3239766,-
yraQ,3295120,3296160,-
yraR,3296233,3296868,-
ligA-ypeB,2525963,2528198,-
zipA,2528269,2529255,-
ucpA,2541854,2542645,-
ypeA-yfeZ,2549299,2550160,-
eutHA,2563503,2566129,-
eutNEJG,2566346,2570072,-
eutSPQTDM,2570179,2573827,-
maeB,2574120,2576399,-
ypfG,2579756,2580799,-
nudK,2580925,2581500,-
aegA,2581568,2583547,-
ypfH,2591094,2591792,-
hda,2616097,2616798,-
yfgJ,2633621,2633836,-
yfhM-pbpC,2643035,2650309,-
sseB,2652179,2652955,-
pepB,2653097,2654380,-
trmJ,2660605,2661345,-
hcaT,2664729,2665868,-
yphCB,2671838,2673783,-
yphFED,2673849,2677389,-
yphG,2677486,2680767,-
kgtP,2722470,2723768,-
ffh,2744456,2745817,-
yfjM,2763535,2763798,-
ypjA,2776168,2780748,-
pinH,2781087,2781230,-
ypjB,2781660,2782451,-
ypjC,2782551,2783033,-
ileY,2783784,2783859,-
gshA,2812905,2814461,-
yqaBA,2814534,2815525,-
csrA,2816983,2817168,-
mltB,2822513,2823598,-
ygbE,2871036,2871359,-
ygcRQ,2892941,2894577,-
ygcU,2895986,2897440,-
ygcW,2897510,2898295,-
yqcC-truC-yqcA,2920557,2922135,-
mltA,2944103,2945200,-
yeeX,2077056,2077385,-
yeeA,2077557,2078615,-
sbmC,2078813,2079286,-
dacD,2079405,2080571,-
yeeED,2082250,2083549,-
yeeY,2085353,2086282,-
yeeZ,2086328,2087152,-
yefM-yoeB,2087235,2087737,-
ugd,2096471,2097637,-
wcaKLM,2112526,2116428,-
asmA,2137783,2139636,-
yegW,2180057,2180803,-
yegX,2180855,2181673,-
thiMD,2181738,2183323,-
rcnR,2183546,2183818,-
yehDCBA,2185402,2190244,-
yehE,2190537,2190818,-
mrp,2191081,2192190,-
yehS,2209748,2210218,-
pbpG,2221960,2222892,-
yohC,2223066,2223653,-
yohF,2224531,2225292,-
mdtQ,2225345,2226433,-
dusC,2227460,2228407,-
folE-yeiB,2239832,2241674,-
yeiE,2246759,2247640,-
nupX,2250917,2252167,-
yejG,2275915,2276259,-
rsuA,2277810,2278505,-
mqo,2303130,2304776,-
yojI,2304994,2306637,-
yfaY,2360453,2361655,-
yfaZ,2361755,2362297,-
pmrD,2371294,2371560,-
elaB,2378744,2379049,-
elaA,2379104,2379565,-
yfbV,2410699,2411154,-
yfcD,2416656,2417198,-
yfcF,2417863,2418507,-
folC-dedD,2429044,2430964,-
yfcJ,2436964,2438142,-
yfcV,2453105,2453668,-
yfcZ,2458672,2458956,-
tpke70,2494216,2494651,-
anmK,1716517,1717626,-
sodC,1722158,1722679,-
ydhF,1722760,1723656,-
ydhL,1723705,1723944,-
rydB,1762737,1762804,-
ydiV,1789331,1790044,-
nlpC,1790291,1790755,-
ydjO,1810353,1811168,-
ynjI,1841855,1842895,-
ydjE,1850645,1852003,-
ydjF,1852120,1852878,-
ydjLKJIHG,1853015,1859356,-
yeaC,1859726,1859998,-
msrB,1860040,1860453,-
yeaE,1862806,1863660,-
mipA,1863750,1864496,-
yeaQ,1877031,1877279,-
yeaR-yoaG,1877427,1877972,-
leuE,1878145,1878783,-
yoaA,1889349,1891259,-
yobF-cspC,1905250,1905615,-
yebO,1906285,1906572,-
proQ-prc,1910792,1913558,-
yobA-yebZY,1921389,1922993,-
ptrB,1924803,1926863,-
yebE,1927072,1927731,-
yebF,1928058,1928414,-
yebG,1928481,1928771,-
lpxM,1937246,1938217,-
yecA,1988978,1989643,-
sdiA,1994134,1994856,-
yodC,2026212,2026394,-
yedI,2026473,2027390,-
yeeO,2056227,2057870,-
uspE,1395696,1396646,-
abgABT-ogt,1397745,1402589,-
racC,1415512,1415787,-
ydaGF,1417180,1417480,-
racR,1417789,1418265,-
pinR,1431108,1431698,-
ynaE,1432015,1432248,-
uspF,1433209,1433643,-
hslJ,1439345,1439767,-
hokB,1489946,1490095,-
mokB,1489986,1490153,-
yddE,1532989,1533882,-
yddLKJ,1542408,1544052,-
yddG,1544312,1545193,-
yddM,1550422,1550784,-
yddW,1565528,1566847,-
pqqL,1570431,1573226,-
yddAB,1573271,1577366,-
ydeQ,1584844,1585758,-
ydeTSR,1585817,1588025,-
yneL,1588381,1588560,-
yneE,1606132,1607046,-
ydeI,1622129,1622521,-
ydfI,1627477,1628937,-
ydfJ,1629026,1630309,-
gnsB,1635633,1635806,-
ynfN,1635978,1636133,-
rem,1642675,1642926,-
rspAB,1650920,1653165,-
ynfA,1653371,1653697,-
ynfL,1666723,1667616,-
mdtJI,1670844,1671525,-
hdhA,1695297,1696064,-
asnS,986808,988208,-
ycbZ,1015762,1017522,-
yccFS,1020953,1023571,-
mgsA,1025780,1026238,-
yccT,1026334,1026996,-
hspQ,1027627,1027944,-
tusE,1029562,1029891,-
yccA,1029982,1030641,-
yccM,1051512,1052585,-
wrbA-yccJ,1066087,1066931,-
mdtG,1113487,1114713,-
yceJI,1117124,1118269,-
solA-yceO,1118530,1119809,-
dinI,1120465,1120710,-
yceB,1121936,1122496,-
grxB,1122630,1123277,-
mdtH,1123341,1124549,-
ycfT,1173315,1174388,-
ymfA-ycfZ,1179702,1180948,-
rluE-nudJ,1193050,1194174,-
ymfED,1196090,1197460,-
ymfJ,1200999,1201307,-
ymfK,1201482,1202156,-
dsbB,1231723,1232253,-
nhaB,1232399,1233940,-
cvrA,1239558,1241294,-
ldcA,1241389,1242303,-
ycgV,1252308,1255175,-
ychJ,1287897,1288355,-
yciI,1308593,1308889,-
yciA,1309872,1310270,-
yciCB,1310375,1311687,-
yciW,1347004,1348131,-
fabI,1348275,1349063,-
ycjD,1349431,1349784,-
ymjA,1355447,1355692,-
qmcA-ybbJ,513625,514997,-
ylbG,528869,529240,-
ppiB-lpxH,552441,553660,-
ybcI,555255,555776,-
folD-ybcJ,555884,556964,-
ybcV,578407,578817,-
ybdG,602639,603886,-
ybdF,604741,605109,-
ybdJ,605174,605422,-
ybdK,605488,606606,-
ybdM,633970,634599,-
ybdN,634572,635792,-
ybdO,635939,636841,-
rnk,642780,643190,-
rna,643420,644226,-
citT,644340,645803,-
citCDEFXG,645854,651079,-
lipA,658474,659439,-
ybeF,659648,660601,-
dacA,661975,663186,-
hscC,680946,682616,-
rihA,682700,683635,-
miaB,692754,694178,-
ybfF,711261,712025,-
abrB,745946,746992,-
ybgD,751452,752018,-
zitB,783105,784046,-
ybgS,784160,784540,-
modEF,791539,793867,-
ybhC,805221,806504,-
ybhB,806656,807132,-
ybiI,837413,837679,-
ybiX,837753,838430,-
ybiO,842478,844703,-
ybiU,857019,858284,-
ybiV,858436,859251,-
deoR,881199,881957,-
ybjH,884169,884453,-
ybjJI,884539,886562,-
ybjL,887357,889042,-
aat,925951,926655,-
trxB,930308,931273,-
pflA,949563,950303,-
ycaO,954095,955855,-
yaeH,183709,184095,-
yaeI,184257,185069,-
yaeP-rof,213678,214125,-
yaeF,216179,217003,-
mltD,232597,233955,-
gloB,234027,234782,-
dinJ-yafQ,245961,246502,-
yafY-ykfBF-yafX-ykfGH-yafW-ykfI,262552,265777,-
ykfA-yafZ,266408,268184,-
perR,268513,269406,-
yagK,291546,292172,-
yagML,292444,294023,-
yagN,294363,294803,-
intF,294920,296320,-
yagP,296605,297015,-
ykgJ,303077,303406,-
ykgMO,311598,312001,-
ykgA,315674,316360,-
ykgH,323920,324588,-
yahB,332725,333657,-
yahC,333749,334246,-
frmRAB,376759,379105,-
hemB,387977,388951,-
ykiB,389121,389339,-
sbcDC,411831,416176,-
panE-yajL,442275,443739,-
yajR,444526,445890,-
queC,464076,464771,-
ylaC,478005,478475,-
maa,478591,479142,-
priC-ybaM,489334,490036,-
ybaL,500786,502462,-
fsr,502700,503920,-
yaaA,5683,6459,-
yaaJ,6529,7959,-
yaaW,10643,11356,-
mokC-hokC,16751,16960,-
ppdD-hofBC,114522,117549,-
nadC,117752,118645,-
mtn-btuF-yadS,177001,179153,-
kdpFABC,723630,728044,-
ttdR,3203346,3204278,-
priA,4122635,4124833,-
csrD,3399414,3401354,-
tktA,3077666,3079657,-
plsC,3160766,3161503,-
folB,3202243,3202611,-
ndk,2642455,2642886,-
bcr,2276592,2277782,-
isrB,1985863,1986022,-
pgsA,1990293,1990841,-
adhP,1550852,1551862,-
ynfP,1650752,1650862,-
rttR,1286289,1286459,-
purU,1287005,1287847,-
torS,1052657,1055401,-
dsbG,637050,637796,-
aas-lplT,2970691,2974036,-
tynA,1447100,1449373,-
fldA-uof-fur,709423,710688,-
menA-rraA,4116868,4118372,-
smf,3430458,3431582,-
smg,3430013,3430486,-
fryBC-ypdFE-fryA,2500012,2506264,-
wcaCDEF-gmd-fcl-gmm-wcaI-cpsBG-wcaJ-wzxC,2116704,2130094,-
relBE-hokD,1643143,1643896,-
eutBCLKR,2552152,2556701,-
relA-mazEFG,2907916,2911673,-
ttcA,1409037,1409972,-
kilR-ydaE,1415862,1416253,-
maeA,1551996,1553693,-
gfcE-etp-etk,1041253,1045026,-
gfcBCD,1045072,1048555,-
gfcA,1048662,1048967,-
ymfH-xisE-intE,1198902,1200603,-
yadMLKC,149715,152812,-
gltI-sroC-gltJKL,683753,686970,-
gspAB,3451530,3453420,-
hscBA-fdx-iscX,2654558,2657489,-
cbpAM,1061773,1062998,-
hsdRMS,4578091,4584838,-
lolB-ispE-prs,1260151,1262723,-
osmF-yehYXW,2213767,2217503,-
nfsB,603994,604647,-
wbbIJK,2101415,2104081,-
yqgB,3083942,3084073,-
eptA,4331970,4333613,-
galF,2111458,2112351,-
ogrK,2165326,2165544,-
rnd,1884888,1886015,-
mnmA,1191890,1192996,-
ybcH,586314,587204,-
lfhA,248358,250070,-
alsK,4304893,4305822,-
rhaM,4091147,4091461,-
yadN,156299,156883,-
ygdD,2939258,2939653,-
ftsB,2870531,2870842,-
ispDF,2869323,2870512,-
truD,2868277,2869326,-
yhjR,3694020,3694208,-
ysaA,3739132,3739605,-
hofMNOP,3518637,3520773,-
mreBCD,3396409,3399109,-
rydC,1489467,1489530,-
atl,475206,475595,-
symE,4577522,4577863,-
ryfD,2732175,2732317,-
gadAXW,3661913,3665603,-
hdeAB-yhiD,3653278,3654763,-
ftsP,3159279,3160691,-
glmY,2689179,2689362,-
xerD-dsbC-recJ-prfB-lysS,3031679,3037765,-
ybeZYX-lnt,688566,692640,-
rppH-ptsP,2964210,2966999,-
holC-valS,4479005,4482303,-
ybeD-lipB,660860,661865,-
rlmN,2641151,2642305,-
mliC,1716090,1716419,-
mcbA,841019,841279,-
secG-leuU,3320094,3320527,-
menFDHBCE,2371670,2378665,-
rimO,875933,877258,-
yfgM,2636685,2637305,-
bamB-der,2633906,2636674,-
dapA-bamC,2595853,2597782,-
yciZT,1341621,1342633,-
ydhYVWXUT,1746771,1752501,-
sad,1611339,1612727,-
iraM,1210903,1211226,-
ypfJ-tmcA,2591866,2594759,-
lsrRK,1596641,1599265,-
leuS-lptE-holA-nadD-cobC,668519,674006,-
tomB-hha,479314,479932,-
rlmI,1028002,1029192,-
murR,2542774,2543631,-
casABCDE12,2876591,2882160,-
cas3,2882575,2885241,-
sroG-ribB,3181835,3182740,-
sibD,3192743,3192887,-
mlaFEDCB,3334985,3338087,-
rlmD,2911721,2913022,-
asnC-mioC-mnmG-rsmG,3921080,3925026,-
rlmM,2938165,2939265,-
ispG-sroE,2638617,2639826,-
rodZ,2639853,2640866,-
sibE,3193119,3193262,-
metY-rimP-nusA-infB-rbfA-truB-rpsO-pnp,3307055,3316311,-
bcsQ,3693256,3693984,-
mlaA,2462274,2463029,-
ivbL-ilvBN-uhpABC,3845328,3851011,-
yrbN-deaD,3303993,3305955,-
rlmE-ftsH,3323023,3325686,-
dosCP,1561358,1565164,-
dtpD,740298,741779,-
fadD-sroD,1886041,1887770,-
glrK,2687693,2689120,-
bsmA,4414464,4414793,-
mqsRA,3165873,3166566,-
higBA,3231750,3232477,-
rsmI,3290497,3291357,-
azuC,1985897,1985983,-
ykgR,312365,312466,-
allDCE,542485,545587,-
mgrR,1620841,1620938,-
dmlR,1878910,1879833,-
lptD-surA-pdxA-rsmA-apaGH,50380,57109,-
glrR-glnB,2685092,2686825,-
glgBXCAP,3562157,3571525,-
safA-ydeO,1580950,1581983,-
gss,3134685,3136544,-
gstB,879077,879703,-
pliG,1226294,1226695,-
arfA,3436453,3436671,-
pgpC-tadA,2695376,2696572,-
alaC,2495079,2496317,-
plaP,2083728,2085086,-
queG,4390951,4392090,-
arrS,3656009,3656077,-
bdcA,4471363,4472076,-
sfsA-dksA-gluQ,159186,161486,-
prlC-rsmJ,3640403,3643205,-
ridA,4468550,4468936,-
queE,2902769,2903440,-
comR,1167423,1168055,-
paoABCD,296994,301797,-
rlmA,1904275,1905084,-
msrC,1913655,1914206,-
pncC,2821871,2822368,-
shoB,2698139,2698219,-
coaE-zapD-yacG,111649,113219,-
mcaS,1403683,1403775,-
fumAC,1683209,1686401,-
yadV-htrE,152829,156201,-
ecpR,309970,310560,-
rsfS-rlmH-mrdAB-rlpA,663325,668259,-
clsA-yciU,1304845,1306669,-
ydbK-ompN,1433784,1438808,-
mlc-ynfK,1664548,1666588,-
mnaT-ydcZ,1515906,1516870,-
wzzB,2095345,2096325,-
glf-wbbH,2104084,2106353,-
psuKG,2255451,2257318,-
prmB-aroC-mepA-yfcA-epmC-yfcL,2441913,2446462,-
tsaD,3207552,3208565,-
ibaG-murA,3333257,3334825,-
yrdD-tsaC-aroE-yrdB,3427788,3429984,-
rybA-mntS,851948,852287,-
psd-mscM,4384070,4388383,-
tsaB-yeaY,1887975,1889291,-
epmB,4372652,4373680,-
ecpBCDE,303719,309250,-
grcA,2714088,2714471,-
ecpA,309308,309895,-
bluR,1212551,1213282,-
bluF,1213487,1214698,-
ybhP-clsB-ybhN,820765,823720,-
ycjY-ymjDC-mpaA,1387894,1389889,-
ahr,4493213,4494232,-
tcdA,2943058,2943864,-
dauA,1258347,1260026,-
psuT,2254107,2255357,-
waaH,3787070,3788104,-
eptC,4146555,4148288,-
hypT,4555401,4556312,-
ydiJ-menI-ydiH,1762958,1766709,-
dgcZ,1620984,1621874,-
satP,9928,10494,-
nagBAC-umpH,698797,702834,-
yfdX-frc-oxc-yfdVE,2486045,2492424,-
ygfB-pepP-ubiHI,3049137,3053466,-
mepM,1938337,1939659,-
umpG-pcm,2866915,2868296,-
rclABC,316950,319225,-
nanCMS,4534637,4537524,-
adeQ,3840478,3841812,-
opgB,4595173,4597464,-
adeP,3893295,3894632,-
ettA,4626878,4628545,-
elyC,971845,972624,-
opgC,1107007,1108164,-
opgE,850237,851820,-
zapE,3376892,3378019,-
dtpC,4352977,4354434,-
araE-ygeA,2977965,2980204,-
ydeNM,1577657,1580548,-
roxA,1186342,1187463,-
rcsF-trmO,218887,219995,-
lgoT,4591384,4592745,-
lgoR,4592960,4593874,-
abpAB,2759373,2763175,-
thpR,161501,162031,-
yecM-cutC,1956544,1957870,-
ldtA,2060415,2061347,-
ldtC,1168635,1169597,-
ldtE,1755745,1756749,-
ldtB,854047,854967,-
micL,1956465,1956544,-
ycaM,946452,947882,+
pyrH,191855,192580,+
nrdHIEF,2798745,2802483,+
dmsABC,940182,944119,+
moaABCDE,816267,818970,+
ptsG,1157092,1158525,+
ldcC,209679,211820,+
gdhA,1840395,1841738,+
efp,4373722,4374288,+
chpSB,4446470,4447065,+
argP,3057775,3058668,+
ydeA,1615052,1616242,+
fliLMNOPQR,2017642,2021702,+
flxA,1644429,1644761,+
tsr,4589680,4591335,+
trg,1490494,1492134,+
cspA,3718072,3718284,+
sodB,1733402,1733983,+
asr,1669400,1669708,+
fxsA,4366687,4367163,+
osmC,1554649,1555080,+
metK,3084728,3085882,+
cusCFBA,594823,601080,+
dcuD,3372891,3374258,+
glcC,3126294,3127058,+
osmY,4609419,4610024,+
psiE,4238348,4238758,+
hpt,141431,141967,+
ybjC-nfsA-rimK-ybjN,890136,892656,+
mhpABCDFE,367835,374105,+
topA,1329072,1331669,+
micF,2311106,2311198,+
amiA-hemF,2550374,2552146,+
trxA,3963784,3964113,+
trxC,2716757,2717176,+
cueO,137083,138633,+
cydAB,770681,773404,+
fldB,3037877,3038398,+
lpxP,2493667,2494587,+
cmk-rpsA-ihfB,960424,963335,+
glnK-amtB,471822,473476,+
yiaKLMNO-lyxK-sgbHUE,3740756,3748804,+
polA,4044989,4047775,+
xylFGHR,3729154,3734180,+
hmp,2683857,2685047,+
rpmH-rnpA,3882359,3882875,+
nikABCDER,3611690,3617012,+
paaXY,1461563,1463085,+
proVWX,2802837,2806146,+
mutS,2855115,2857676,+
zraSR,4199949,4202668,+
pfkA,4105575,4106537,+
acnB,131615,134212,+
spf,4047922,4048030,+
cdd,2229866,2230750,+
yeiL,2253377,2254036,+
phoH,1084215,1085279,+
tgt-yajC-secDF,425361,429700,+
queA,424235,425305,+
rpsU-dnaG-rpoD,3208803,3212910,+
ptsHI-crr,2531786,2534365,+
rcsA,2021992,2022615,+
aspV,236931,237007,+
thrW,262095,262170,+
argU,563946,564022,+
lysT-valT-lysW,779777,780141,+
valVW,1744459,1744616,+
proL,2284233,2284309,+
valUXY-lysV,2518953,2519350,+
metZWV,2945409,2945705,+
asnT,2042573,2042648,+
asnU,2057875,2057950,+
asnV,2060284,2060359,+
argW,2464331,2464405,+
pheV,3108388,3108463,+
ileX,3213620,3213695,+
argX-hisR-leuT-proM,3980398,3980834,+
glyVXY,4390383,4390681,+
leuX,4494428,4494512,+
pykF,1753722,1755134,+
uxuAB,4549659,4552384,+
aldA,1486256,1487695,+
putP,1078528,1080036,+
caiF,34300,34695,+
fixABCX,42403,45750,+
tauABCD,384456,387870,+
ychQA-kdsA,1266147,1268242,+
ybgA-phr,738224,740148,+
dadAX,1236794,1239172,+
hupA,4198304,4198576,+
hupB,460675,460947,+
xseA,2632254,2633624,+
paaABCDEFGHIJK,1451951,1461462,+
cfa,1739437,1740585,+
xthA,1830452,1831258,+
pflDC,4142018,4145159,+
pheLA,2735621,2736927,+
potFGHI,893007,897152,+
ppk-ppx,2621066,2624678,+
proBA,259612,261980,+
pspABCDE,1366103,1368027,+
rnt-lhr,1726371,1731727,+
rpoZ-spoT-trmH-recG,3820129,3825314,+
rpsF-priB-rpsR-rplI,4423141,4424580,+
secE-nusG,4175381,4176311,+
serC-aroA,956876,959318,+
tehAB,1498597,1500179,+
ybgC-tolQRA,773975,776830,+
ubiCA,4250529,4251911,+
dsdXA,2475869,2478552,+
bolA,453696,454013,+
htpG,494344,496218,+
uspA,3638134,3638568,+
clpA,922487,924763,+
endA,3088369,3089076,+
sdaCB,2926251,2928965,+
corA,3999449,4000399,+
soxR,4275492,4275956,+
tonB,1309113,1309832,+
thrLABC,190,5020,+
umuDC,1229990,1231677,+
lrp,931818,932312,+
gltBDF,3352654,3359962,+
lysR,2977043,2977978,+
nfo,2248862,2249719,+
marRAB,1617144,1618231,+
metC,3150258,3151445,+
mtlADR,3770304,3774182,+
nadB,2708442,2710064,+
manXYZ,1900072,1902770,+
codBA,354146,356678,+
nrfABCDEFG,4285787,4292162,+
torCAD,1057307,1061621,+
metF,4130639,4131529,+
trpR,4630783,4631109,+
oppABCDF,1299206,1304792,+
sdaA,1894956,1896320,+
gntT,3544581,3545897,+
accA,208621,209580,+
accBC,3403458,3405288,+
acrEF,3411886,3416159,+
ampDE,118733,120135,+
ansA-pncA,1848884,1850552,+
arsRBC,3646551,3648685,+
ascFB,2837546,2840436,+
chaBC,1271342,1272425,+
creABCD,4633544,4637553,+
def-fmt,3431712,3433183,+
fliDST,2001896,2004102,+
fliFGHIJK,2011253,2017537,+
hyaABCDEF,1031362,1036829,+
ribF-ileS-lspA-fkpB-ispH,21407,27227,+
modABC,794312,796835,+
aroG,784856,785908,+
aroH,1786459,1787505,+
aroL-yaiA-aroM,405629,407329,+
cyaA,3989176,3991722,+
deoCABD,4615346,4619625,+
fhuACDB,167484,173444,+
dusB-fis,3408302,3409589,+
glpABC,2350669,2354733,+
glpD,3560036,3561541,+
katG,4131858,4134038,+
lexA-dinF,4255138,4257144,+
metA,4212303,4213232,+
metH,4221851,4225534,+
narGHJI,1279087,1285749,+
narK,1277180,1278571,+
nirBDC-cysG,3492033,3497223,+
oxyR,4156513,4157430,+
phoA-psiF,400971,402825,+
phoBR,416366,418408,+
purMN,2619219,2620894,+
purR,1735868,1736893,+
pyrD,1003991,1005001,+
rhaSR,4095759,4097517,+
sodA,4098833,4099453,+
ssb,4272148,4272684,+
uvrB,812749,814770,+
uvrD,3996006,3998168,+
ahpCF,638168,640541,+
cysB,1331879,1332853,+
cysK,2530431,2531402,+
fadL,2459322,2460668,+
ilvIH,85630,87848,+
tnaCAB,3886458,3889506,+
tyrB,4265137,4266330,+
tyrP,1987705,1988916,+
ilvC,3955993,3957468,+
malT,3551107,3553812,+
purA,4402710,4404008,+
aidB,4412298,4413923,+
carAB,29651,34038,+
asnA,3925178,3926170,+
betT,328687,330720,+
bioBFCD,808567,812170,+
crp,3484142,3484774,+
malK-lamB-malM,4244807,4248497,+
ubiG,2337589,2338311,+
ebgAC,3220655,3224193,+
fucPIKUR,2932257,2938121,+
mutY-yggX-mltC-nupG,3101035,3104992,+
melAB,4339934,4342813,+
malXY,1697379,1700153,+
udp,4014454,4015215,+
malS,3735520,3737550,+
cynTSX,358023,360370,+
nupC,2511064,2512266,+
exuT,3243246,3244544,+
proP,4328525,4330027,+
fdnGHI,1545425,1550015,+
ndh,1165308,1166612,+
gadY,3662887,3662991,+
entS,621523,622773,+
gcvB,2940718,2940922,+
folA,49823,50302,+
dapB,28374,29195,+
pfkB,1804394,1805323,+
amn,2053085,2054539,+
rimL,1496962,1497501,+
manA,1686600,1687775,+
pgi,4231781,4233430,+
adk,496399,497043,+
bcp,2598500,2598970,+
cdh,4107953,4108708,+
gcvR,2597928,2598500,+
glnS,705316,706980,+
hemN,4050068,4051441,+
katE,1811891,1814152,+
lpp,1755445,1755681,+
rep,3958700,3960721,+
sbcB,2080780,2082207,+
ung,2714776,2715465,+
ppiD,461139,463010,+
dnaQ,236067,236798,+
cstA,629117,631222,+
cspG,1050684,1050896,+
srlAEBD-gutM-srlR-gutQ,2823854,2828800,+
galR,2974621,2975652,+
sohB,1327356,1328405,+
mpl,4453808,4455181,+
aceBAK,4213501,4218355,+
araC,70387,71265,+
argCBH,4153024,4156246,+
argR,3382725,3383195,+
yeaGH,1864932,1868262,+
yhdWXYZ,3417171,3421216,+
metBL,4126695,4130290,+
csiE,2663457,2664737,+
secMA-mutT,107705,111433,+
nagE,703167,705113,+
norVW,2830498,2833067,+
garD,3273304,3274875,+
mngAB,765207,769834,+
cdaR,182463,183620,+
znuCB,1940686,1942223,+
zntA,3604474,3606672,+
idnK,4492646,4493209,+
csrC,4049059,4049303,+
hdeD,3655018,3655590,+
uxuR,4552599,4553372,+
exuR,3244674,3245450,+
ulaABCDEF,4418003,4422409,+
flk,2435972,2436967,+
ydiQRST-fadK,1777641,1782701,+
malZ,421742,423556,+
ynfEFGH-dmsD,1656093,1663144,+
argG,3316659,3318002,+
pspG,4260863,4261105,+
hyfABCDEFGHIJR-focB,2599223,2612804,+
yceD-rpmF-plsX-fabHDG-acpP-fabF,1146017,1152403,+
icd,1194346,1195596,+
ackA-pta,2411492,2414913,+
mdtABCD-baeSR,2152040,2163022,+
rbsDACBKR,3931374,3937242,+
atoDAEB,2321469,2325315,+
yhhY,3579161,3579649,+
yrbL,3346474,3347106,+
rstAB,1680174,1682207,+
slyB,1717900,1718367,+
pagP,655780,656340,+
dhaR,1250289,1252208,+
acrD,2585617,2588730,+
pgl,797809,798804,+
talB,8238,9191,+
yiaG,3717501,3717791,+
ytfK,4437610,4437816,+
pheP,601182,602558,+
metE,4011076,4013337,+
yebB,1944275,1944877,+
ydjM,1808235,1808825,+
insK,3719177,3720072,+
hokE,607059,607211,+
cho,1821539,1822426,+
rimJ,1124785,1125369,+
dut-slmA,3811955,3813113,+
galP,3086306,3087700,+
hcaEFCBD,2667054,2671271,+
kdgK,3677442,3678371,+
agp,1064808,1066049,+
galU,1290680,1291588,+
amyA,2004180,2005667,+
evgAS,2481777,2485989,+
ftsK,932447,936436,+
gor,3644322,3645674,+
recN,2749817,2751478,+
prpBCDE,347906,353816,+
seqA-pgm,712210,714421,+
hypABCDE-fhlA,2848669,2854438,+
fes-ybdZ-entF-fepE,612038,618610,+
ygcG,2903733,2904605,+
rtcR,3556290,3557888,+
frlABCDR,3497932,3502805,+
treF,3667615,3669264,+
rssAB,1288429,1290478,+
acrR,484985,485632,+
yegS,2166736,2167635,+
barA,2913079,2915835,+
sbmA-yaiW,395863,398190,+
yfeKS,2535364,2536505,+
qseBC,3167850,3169855,+
yecR,1986246,1986569,+
flgBCDEFGHIJ,1130241,1137535,+
flgKL,1137601,1140209,+
rutR,1073465,1074103,+
ydhIJK,1719049,1722157,+
ftnB,1984949,1985452,+
bglA,3041684,3043123,+
hisLGDCBHAFI,2088020,2095249,+
rhoL-rho,3964254,3965699,+
rplKAJL-rpoBC,4176470,4187596,+
fimAICDFGH,4541138,4547733,+
fimE,4540060,4540656,+
fimB,4538980,4539582,+
csgBAC,1103174,1104516,+
yhdT-panF-prmA,3405397,3407973,+
yahO,345708,345983,+
ybaY,474603,475175,+
yaiZ,398817,399029,+
yajQ,443907,444398,+
ybdL,632809,633969,+
ybeL,674241,674723,+
ybhQ,823853,824263,+
yagU,302215,302829,+
argA,2947264,2948595,+
cysS,553834,555219,+
appY,582904,583653,+
pepN,989845,992457,+
pepT,1185067,1186293,+
pitA,3635665,3637164,+
purT,1928905,1930083,+
rdlA,1268546,1268612,+
rdlB,1269081,1269146,+
rdlC,1269616,1269683,+
rhlE,830095,831459,+
ybiT,855186,856778,+
rluF,4228377,4229249,+
rpmE,4125036,4125248,+
ryeA,1921090,1921338,+
sieB,1416695,1417183,+
slyX,3475662,3475880,+
srmB,2710918,2712252,+
ybaQ,507442,507783,+
sseA,2650516,2651361,+
tdk,1292750,1293367,+
thiI,440773,442221,+
torT,1055484,1056512,+
tqsA,1671937,1672971,+
ubiF,694324,695499,+
ushA,504138,505790,+
uspC,1977777,1978205,+
yafF,239190,239378,+
yafS,234816,235538,+
yagJ,290724,291455,+
waaA-coaD,3806563,3808327,+
lit,1197918,1198811,+
aaeR,3387542,3388471,+
abgR,1402765,1403673,+
cspF,1639879,1640091,+
dacB,3326985,3328418,+
dacC,879950,881152,+
dld,2220207,2221922,+
eco,2301927,2302415,+
emtA,1242403,1243014,+
fadR,1234161,1234880,+
feaB,1445543,1447042,+
fsaA,862865,863527,+
gsk,499349,500653,+
guaC,113444,114487,+
helD,1023694,1025748,+
iap,2874603,2875640,+
ompW,1312044,1312682,+
nudG,1839514,1839921,+
nhoA,1532048,1532893,+
narP,2288522,2289169,+
mrr,4584972,4585886,+
mrcA,3520893,3523445,+
micC,1435145,1435253,+
mdtK,1741481,1742854,+
mak,409368,410276,+
intG,2010526,2010804,+
ivy,240343,240816,+
kptA,4558953,4559507,+
ycaK,948891,949481,+
yccU,1027169,1027582,+
yccX,1029287,1029565,+
ycgJ,1225823,1226191,+
ychH,1258014,1258292,+
ychO,1273148,1274401,+
ycjG,1386954,1387919,+
ydbJ,1439082,1439348,+
ydeE,1619356,1620543,+
ydeJ,1622797,1623315,+
yeaL,1872376,1872822,+
yebQ,1908300,1909673,+
yecF,1993842,1994066,+
yedA,2027563,2028483,+
yedP,2023535,2024350,+
yegD,2145698,2147050,+
ybjM,889312,889689,+
yegH,2135926,2137509,+
yegJ,2149209,2149670,+
yeiG,2241932,2242768,+
yfaH,2347709,2347915,+
nudI,2362576,2363001,+
yfeH,2524968,2525966,+
yfeN,2523149,2523913,+
ygfZ,3039335,3040315,+
yghT,3132153,3132845,+
yghU,3136749,3137615,+
yiaU,3750015,3750989,+
yicS,3838238,3838531,+
yidI,3854438,3854887,+
yidL,3858276,3859199,+
yidP,3861922,3862638,+
yidX,3873461,3874117,+
yjfP,4414975,4415724,+
yjgN,4477753,4478949,+
yjgZ,4499283,4499612,+
yjhR,4533038,4534054,+
yhiM,3632864,3633916,+
yjjZ,4603827,4604063,+
ykgL,311336,311563,+
ymfI,1200720,1201061,+
yncE,1521331,1522392,+
yobH,1906949,1907188,+
yodD,2023010,2023237,+
yohD,2223823,2224401,+
ypdI,2492720,2492995,+
yphH,2680885,2682078,+
yqgC,3084209,3084424,+
yrdA,3427258,3427812,+
ytfA,4425792,4426118,+
ytfH,4432136,4432516,+
ytjC,4631820,4632467,+
zupT,3180572,3181345,+
ybjD,915696,917354,+
yhbO,3296996,3297514,+
yhbQ,3297988,3298290,+
yhbY,3325812,3326105,+
yhdH,3401506,3402480,+
yhgN,3573094,3573687,+
yhhA,3584966,3585406,+
rrsE-gltV-rrlE-rrfE,4206170,4211182,+
rrsC-gltU-rrlC-rrfC,3939831,3944842,+
rrsB-gltT-rrlB-rrfB,4164682,4169779,+
rrsA-ileT-alaT-rrlA-rrfA,4033554,4038659,+
degP,180884,182308,+
pdhR-aceEF-lpd,122092,129336,+
rrsH-ileV-alaV-rrlH-rrfH,223771,228875,+
ydgK-rsxABCDGE-nth,1703274,1710182,+
mnmC,2439786,2441792,+
yraP,3294431,3295006,+
lldPRD,3775422,3779040,+
yjaZ,4187809,4188348,+
pck,3530840,3532462,+
aslB,3980981,3982216,+
allR,532235,533050,+
wecH,3723910,3724905,+
cbrA,3867400,3868464,+
allA,531675,532157,+
kbaZ-agaVWA,3276936,3279647,+
agaS-kbaY-agaBCDI,3279998,3285047,+
yidQ,3865751,3866083,+
rlmL-uup,1007067,1011094,+
ycaD,945094,946242,+
ycaL,959487,960251,+
yahDEFG,334504,338967,+
ykiA,407833,408174,+
ybaB-recR,493300,494234,+
dgt,179237,180754,+
tag-yiaC,3711115,3712115,+
gmk,3819451,3820074,+
ygjI,3224256,3225689,+
ygjP,3233982,3234485,+
sstT,3237966,3239210,+
yqjG,3249046,3250032,+
yraH,3285448,3286032,+
bcsEFG,3694481,3697916,+
yfjXY-ypjJ-yfjZ-ypjF,2773941,2775804,+
ygaZH,2807639,2808701,+
ygbN,2863123,2864487,+
yfbM,2384956,2385459,+
yfdF,2461034,2462092,+
torI,2474332,2474532,+
hchA,2033859,2034710,+
mtfA,2041675,2042472,+
yeeN,2054882,2055598,+
yneJ,1612828,1613709,+
ydfG,1625541,1626287,+
pinQ,1631646,1632236,+
ynfO-ydfO,1634780,1635481,+
ynfD,1655589,1655894,+
ydgD,1669984,1670805,+
tus,1682283,1683212,+
blr,1702575,1702700,+
ycgN,1228053,1228499,+
ymgE,1243951,1244205,+
ycaI-msbA-lpxK-ycaQ,963543,969844,+
ybfP,714635,715129,+
ybfOC,733443,735442,+
nadA-pnuC,781308,783108,+
ybhH,799982,801034,+
bssR,877471,877854,+
holD-rimI-yjjG,4605826,4607346,+
yjjJ,4619792,4621123,+
serB-radA-nadR,4622918,4626570,+
C0719,3119380,3119601,+
setB,2261885,2263066,+
yciY,1306812,1306985,+
frwCB,4140553,4141967,+
btuB-murI,4161662,4164308,+
yjaA,4211257,4211640,+
dgkA,4254660,4255028,+
aphA,4267437,4268150,+
gltP,4292504,4293817,+
yjdP,4311891,4312220,+
yhjD,3671385,3672398,+
yiiS-uspD,4110990,4111744,+
xdhABC,2998367,3001990,+
yjeI,4370832,4371185,+
ecnAB,4374340,4374722,+
yjeM,4381862,4383364,+
yjeNO,4383416,4384041,+
orn,4389627,4390172,+
yjeT,4402409,4402606,+
yjfKLMC,4409325,4412214,+
fklB,4426958,4427578,+
cycA,4427887,4429299,+
ytfI,4435730,4436668,+
ytfQRT-yjfF,4447985,4452601,+
cybC,4457576,4457878,+
yjgL,4473460,4475274,+
intB,4494773,4495963,+
yjgW,4497622,4497957,+
yjhBC,4502081,4504428,+
yjhE,4504884,4505132,+
yjiS,4569774,4569938,+
yjiT,4570437,4571954,+
yjiV,4572158,4574878,+
yjjQ-bglJ,4601500,4602860,+
prfC,4607437,4609026,+
ytjA,4610133,4610312,+
yjjUV,4610434,4612283,+
slt,4628756,4630693,+
yghA,3147684,3148568,+
C0465,1970763,1970840,+
ymdF,1067304,1067477,+
yicL,3836271,3837194,+
mdtL,3889638,3890813,+
yidZ,3890788,3891747,+
yieEF,3891892,3893241,+
yieH,3894797,3895462,+
yifK,3978910,3980295,+
yzcX,3991873,3992358,+
yifL-dapF-yigA-xerC-yigB,3992545,3995922,+
pldA,4002885,4003754,+
recQ,4003887,4005716,+
rhtC,4005780,4006400,+
pldB-yigL,4007193,4009023,+
rmuC,4015356,4016783,+
ubiD,4023011,4024504,+
pepQ-yigZ-trkH-hemG,4029184,4033176,+
yihD,4040092,4040361,+
yihF,4042222,4043652,+
yihI,4049370,4049879,+
yihLM,4058470,4060168,+
yihN,4060270,4061535,+
yiiE,4077314,4077532,+
yiiF,4077774,4077992,+
fdhD,4084039,4084872,+
yiiG,4085025,4086080,+
kdgT,4099713,4100696,+
yiiM,4100845,4101519,+
fieF,4104492,4105394,+
sbp,4106857,4107846,+
yiiR,4110338,4110778,+
yijE,4134131,4135036,+
fabR-yijD,4159090,4160153,+
murB-birA,4170080,4172070,+
nudC-hemE-nfi,4194926,4197484,+
yjaG,4197527,4198117,+
yjbB,4225754,4227385,+
yjbI,4248978,4250306,+
yjbJ,4257260,4257469,+
yjbLM,4258344,4259329,+
dusA,4259692,4260729,+
dnaB,4262337,4263752,+
yjbQR,4268261,4269037,+
yjcE,4278003,4279652,+
setC,3834976,3836160,+
yjdIJ,4349866,4350380,+
yhbW,3301470,3302477,+
sfsB,3332931,3333209,+
yhcG,3365849,3366976,+
yhcB,3378213,3378611,+
degQS,3378765,3381289,+
yhcN,3383560,3383823,+
yhdJ,3409675,3410559,+
yhdU,3410643,3410822,+
yhdV,3416412,3416633,+
trkA,3434540,3435916,+
mscL,3436046,3436456,+
gspCDEFGHIJKLMO,3453600,3464242,+
yheSTU,3479311,3482458,+
prkB,3482512,3483381,+
tsgA,3490590,3491771,+
yhfL,3497470,3497637,+
greB,3534834,3535310,+
yrhB,3582782,3583066,+
yhhN,3603774,3604400,+
yhhQ,3607240,3607905,+
dcrB,3607978,3608535,+
yhhT,3609888,3610937,+
acpT,3610992,3611579,+
rhsB,3617215,3621450,+
yhhH,3621422,3621805,+
yrhC,3621910,3622155,+
yhhI,3622401,3623537,+
yhjC,3670365,3671336,+
yhjE,3672809,3674131,+
rdlD,3698159,3698222,+
yhjV,3698586,3699857,+
yiaD,3714570,3715229,+
ghrB,3715333,3716307,+
avtA,3737728,3738981,+
rhsA-yibA,3760206,3765202,+
yibJ,3765244,3765945,+
yibG,3766200,3766661,+
yibL,3774688,3775050,+
yicC,3814699,3815562,+
dinD,3815783,3816607,+
yicG,3816897,3817514,+
yicH,3828480,3830189,+
selC,3834245,3834339,+
mutH,2967684,2968373,+
ygdQ,2968442,2969155,+
ygdR,2969293,2969511,+
tas,2969619,2970659,+
yqeG,2983869,2985098,+
yqeH,2985558,2986190,+
yqeIJ,2986524,2987808,+
ygeF,2988576,2989022,+
ygeG,2989290,2989781,+
ygeH,2990116,2991492,+
ygeI,2991660,2991878,+
pbl,2992063,2992437,+
ygeW,3004284,3005474,+
ygeX,3005532,3006728,+
ygeY,3006786,3007997,+
hyuA,3008050,3009435,+
yqeA,3009483,3010415,+
ygfK-ssnA,3014082,3018511,+
idi,3031087,3031635,+
zapA,3053634,3053963,+
rsmE-gshB,3089156,3090850,+
yqgEF,3090959,3091938,+
yqgA,3107575,3108282,+
yghB,3151585,3152244,+
yqhG,3155672,3156598,+
yqhH,3156649,3156906,+
mdaB,3170552,3171133,+
ygiN,3171164,3171478,+
ygiL,3183436,3183987,+
yqiJK,3190230,3192547,+
ebgR,3219488,3220471,+
ygjJK,3225823,3229261,+
fadH,3229687,3231705,+
ygjQ,3234562,3235254,+
ygjR,3235315,3236319,+
yqjCDEK,3246991,3248398,+
yqjF,3248584,3248976,+
yhaH,3250326,3250691,+
yhaI,3250933,3251289,+
yhaKL,3252341,3253229,+
tdcR,3265402,3265620,+
yhaBC,3265876,3267624,+
yraIJK,3286112,3290454,+
yfeO,2507652,2508908,+
ypeC,2509023,2509349,+
yfeCD,2516489,2517227,+
murQP-yfeW,2543795,2547428,+
intZ,2556793,2558088,+
yffL,2558279,2558920,+
yffMN,2559390,2560015,+
yffOP,2560133,2561139,+
yffQR,2561599,2562394,+
yffS,2562515,2563354,+
yffB-dapE-ypfN,2589269,2590984,+
yfgG,2627312,2627503,+
yfgHI,2627814,2628887,+
IS128,2651537,2651745,+
ryfA,2651877,2652180,+
suhB,2661464,2662267,+
yfhR,2662385,2663266,+
yphA,2671296,2671790,+
yfhH,2696781,2697629,+
yfhL,2697685,2697945,+
pssA,2720749,2722104,+
yfiM,2722201,2722473,+
yfiL,2739382,2739747,+
ypjD,2745909,2746775,+
yfjD,2746796,2748082,+
nadK,2748853,2749731,+
smpB,2752918,2753400,+
ssrA,2753615,2753977,+
intA,2754181,2755422,+
yfjI,2757007,2758416,+
yfjJ,2758569,2759195,+
yfjPQ,2765732,2767508,+
yfjR-ypjK-yfjST,2767725,2769637,+
yfjW,2771340,2773043,+
ygaVP,2795233,2796066,+
ygaM,2798168,2798497,+
pphB,2857782,2858438,+
ygbJK,2859452,2861523,+
ygbLM,2861615,2863034,+
ygcNOP,2890679,2892793,+
yqcE-ygcE,2898614,2901396,+
queF,2923370,2924218,+
csdAE,2941359,2943007,+
yegP,2163213,2163545,+
yegTUV,2176843,2180083,+
metG,2192322,2194355,+
yehK,2201994,2202311,+
yehLMPQ,2202618,2208966,+
yehR,2209247,2209708,+
mlrA,2212888,2213619,+
yohO,2213679,2213786,+
yohJK,2228646,2229736,+
sanA-yeiS,2230900,2231861,+
yeiH,2247739,2248788,+
yeiP,2263472,2264044,+
yeiQ,2264267,2265733,+
yejABEF,2270386,2275911,+
rplY,2280539,2280823,+
yejLM,2282151,2284158,+
atoSC,2318065,2321273,+
elaD,2380735,2381946,+
yfbL,2383882,2384853,+
yfbO,2386603,2387079,+
yfbP,2387138,2387986,+
yfcC,2415103,2416623,+
yfcG,2418643,2419290,+
folX-yfcH,2419347,2420623,+
yfdC,2463323,2464255,+
intS,2464567,2465724,+
yfdGHI,2465877,2468484,+
tfaS,2468825,2469127,+
yfdPQ,2471542,2472878,+
yfdRST,2473006,2474200,+
ypdJ,2474116,2474256,+
yoeF,2076599,2076955,+
ydhC,1737935,1739146,+
ydhR,1744724,1745029,+
ydhS,1745155,1746759,+
ydiK,1767098,1768210,+
rprA,1768396,1768500,+
ydiL,1768639,1768995,+
ydiM,1769095,1770309,+
ydiNB-aroD,1770536,1773468,+
ydiFO,1773611,1776371,+
ydiE,1787637,1787828,+
yniD,1803189,1803296,+
ydiZ,1805424,1805714,+
yniA,1805820,1806680,+
nadE,1820482,1821309,+
ydjXYZ-ynjABCD,1831425,1837424,+
ynjE,1837491,1838798,+
sppA,1846861,1848717,+
yeaK,1871598,1872101,+
yeaO,1874933,1875280,+
yeaVW,1881212,1883813,+
yeaX,1883869,1884834,+
yoaB,1891391,1891735,+
yoaC,1892097,1892456,+
yobD,1902825,1903283,+
yebST,1914282,1918167,+
rsmF,1918247,1919686,+
yebV,1919804,1920040,+
yebW,1920145,1920336,+
holE,1923132,1923362,+
yobB-exoX,1923464,1924806,+
yebK,1934676,1935545,+
pykA,1935673,1937115,+
yecDE,1948856,1950237,+
yecT,1959996,1960484,+
ftnA,1986740,1987237,+
yedEF,2006301,2007736,+
yedK,2007845,2008513,+
yedL,2008624,2009103,+
yodB,2040392,2040922,+
yeeJ,2042935,2050038,+
shiA,2051667,2052983,+
yeeP,2068810,2069235,+
ynaJ,1395389,1395646,+
ydaSTUVW-rzpR,1418389,1421668,+
rzoR,1421424,1421609,+
trkG,1421806,1423263,+
ynaK-ydaY,1423401,1424004,+
ydbH-ynbE-ydbL,1441075,1444230,+
ydbD,1473168,1475474,+
ynbABCD,1475645,1480225,+
hrpA,1481142,1484987,+
ydcF,1485259,1486059,+
cybB,1488926,1489456,+
ydcA,1489701,1489874,+
sokB,1490143,1490198,+
ydcJ,1493312,1494655,+
ydcH,1496675,1496899,+
ydcL,1500481,1501149,+
ydcR,1508027,1509433,+
ydcY,1515672,1515905,+
yncG,1524271,1524888,+
yncH,1524964,1525176,+
rhsE-ydcD,1525914,1528428,+
yncI,1528610,1529356,+
ydcC,1529840,1530976,+
pptA,1531076,1531309,+
yneK,1613787,1614902,+
ydfH,1626376,1627062,+
ydfZ,1627239,1627442,+
ydfV,1643921,1644226,+
dicA,1645958,1646365,+
dicF,1647406,1647458,+
ynfB-speG,1653832,1654768,+
clcB,1663339,1664595,+
ynfM,1667723,1668976,+
ydgH,1676451,1677395,+
ydgI-folM,1677581,1679722,+
ydgA,1687876,1689384,+
add,1700257,1701258,+
mppA,1391251,1392864,+
ycaR-kdsB,969896,970821,+
ycbJ,970975,971868,+
rmf,1014938,1015105,+
ymcE-gnsA,1051070,1051463,+
yccE,1063259,1064515,+
ymdE-ycdU,1094767,1096052,+
ghrA,1097109,1098047,+
ycdXY,1098102,1099417,+
ycdZ,1099519,1100010,+
yceK,1112802,1113029,+
yceQ,1143725,1144045,+
rluC,1144163,1145122,+
ycfJ,1166822,1167361,+
lolCDE,1174650,1177787,+
nagK-cobB,1177816,1179582,+
mcrA,1209569,1210402,+
icdC,1210648,1210800,+
ymgF,1218206,1218424,+
ycgL,1226904,1227230,+
ycgM,1227302,1227961,+
ycgY,1244383,1244823,+
ychS,1285932,1286207,+
ychE,1297821,1298468,+
yciVOQ,1321244,1324665,+
rluB,1324876,1325751,+
pgpB,1337354,1338118,+
ybbAP,518957,522054,+
rhsD-ybbC-ylbH-ybbD,522485,528124,+
sfmA,557435,557977,+
sfmCD,558197,561523,+
sfmHF,561565,563068,+
ybcK,568125,569651,+
ybcLM,570116,571474,+
ybcN-ninE-ybcO-rusA-ylcG,571689,573093,+
ybcQ,573179,573562,+
rzoD,577550,577732,+
ybcW,579103,579309,+
tfaD,580757,581320,+
ybdD,631405,631602,+
cspE,656515,656724,+
tatE,658170,658373,+
ybeR-djlB,675934,678065,+
ybeU-djlC,678731,680886,+
ybfA,728357,728563,+
rhsC-ybfB,728806,733325,+
ybfQ,735668,735922,+
ybfL,736123,737184,+
ybfD,737315,738076,+
valZ-lysY,780291,780445,+
lysZ,780592,780667,+
lysQ,780800,780875,+
ybhL,819107,819811,+
ybhM,820016,820729,+
mntR-ybiR,852406,853988,+
iaaA-gsiABCD,865791,872024,+
yliI,877965,879080,+
lolA-rarA,936592,938560,+
serS,938651,939943,+
ycaP,955985,956677,+
cueR,513217,513624,+
frr,192872,193429,+
yaeR,211877,212266,+
tilS,212331,213629,+
gmhB,222833,223408,+
dkgB,229167,229970,+
yafDE,231122,232549,+
yafT,237335,238120,+
yafJ,244327,245094,+
yafL,246712,247461,+
ykfJ-prfH,253467,254202,+
gpt,255977,256435,+
frsA,256527,257771,+
ykfC,272071,273216,+
mmuPM,274549,276871,+
yagEF,281502,284392,+
yagGH,284619,287623,+
ykgEFG,320832,323677,+
yahH,339017,339313,+
yahIJ,339389,341731,+
yahL,343400,344215,+
yahM,344628,344873,+
mhpT,374683,375894,+
yaiL,375996,376535,+
iraP,400610,400870,+
yaiI,404988,405446,+
brnQ-proY,418815,421583,+
yajD,429829,430176,+
tig,454357,455655,+
ybaV,463161,463532,+
cof,466636,467454,+
mdlAB,468095,471641,+
ffs,475672,475785,+
ybaA,475896,476249,+
ybaN,490106,490483,+
dnaX,491316,493247,+
hemH,497279,498241,+
yjjY,4638425,4638565,+
yjtD,4638965,4639651,+
yaaX,5234,5530,+
mog,9306,9893,+
sokC,16952,17006,+
rihC,27293,28207,+
yaaU,45807,47138,+
kefFC,47246,49631,+
djlA,57364,58179,+
yabPQ,58474,59279,+
yabI,71351,72115,+
leuO,84368,85312,+
yacL,134388,134750,+
yadGH,142779,144472,+
yadE,145081,146310,+
hrpB,162105,164534,+
mrcB,164730,167264,+
clcA,175107,176528,+
cysQ,4434778,4435518,+
ybdR,641311,642549,+
fre,4024550,4025251,+
yhgF,3535407,3537728,+
emrD,3851945,3853129,+
ygfM-xdhD,3018562,3022208,+
ispB,3331732,3332703,+
alpA,2756666,2756878,+
narQ,2583753,2585453,+
argS,1958086,1959819,+
ybhI,801110,802543,+
ybhJ,802726,804987,+
yahK,342108,343157,+
apt,490636,491187,+
yadI,144577,145017,+
alr,4263805,4264884,+
cysZ,2529485,2530246,+
rsmD-yhhL,3602416,3603271,+
mprA-emrAB,2808792,2812176,+
rraB,4476496,4476912,+
sxy,1020361,1020990,+
rseP,196546,197898,+
yjbEFGH,4233929,4237753,+
thrU-tyrU-glyT-thrT-tufB,4173411,4175151,+
ttdABT,3204485,3207509,+
bhsA,1168296,1168553,+
rbn,2379630,2380547,+
raiA,2735176,2735517,+
yecN-cmoAB,1950290,1952437,+
cnu,1702973,1703188,+
pabB-nudL,1892829,1894772,+
yggI,3087777,3088274,+
ymiA-yciX,1333184,1333482,+
pinE,1208908,1209462,+
tfaX,582098,582283,+
dpiBA,651458,653765,+
lafU,250072,250827,+
dnaK-tpke11-dnaJ,12163,15298,+
rcsDB,2311510,2314849,+
eamB,2713445,2714032,+
micA,2812824,2812895,+
macAB,918458,921516,+
scpA-argK-scpBC,3058872,3064302,+
groSL,4368711,4370694,+
hemA-prfA-prmC,1262937,1266150,+
yjaH,4198589,4199284,+
rseX,2031673,2031763,+
C0664,2833077,2833189,+
yraN,3293416,3293811,+
diaA,3293831,3294421,+
yceH,1125380,1126027,+
yceM,1126029,1126952,+
rsmB,3433229,3434518,+
dfp,3810754,3811974,+
clpS,922136,922456,+
aspT,3944895,3944971,+
trpT,3944980,3945055,+
aspU,228928,229004,+
insJ,3718703,3719224,+
yeiI,2249722,2250810,+
yhfK,3484813,3486915,+
frwD,4145161,4145502,+
gpmM-envC-yibQ,3783283,3787083,+
mnmE,3884851,3886215,+
kup,3929339,3931207,+
nhaAR,17489,19620,+
tatABCD,4019968,4022359,+
ybjQ-amiD,903816,904966,+
nrdR-ribDE-nusB-thiL-pgpA,432226,436331,+
entCEBAH,624108,628936,+
erpA,176610,176954,+
symR,4577858,4577934,+
ryjB,4526000,4526089,+
rpiB,4311373,4311822,+
slp-dctR,3651984,3653236,+
glmZ,3984455,3984626,+
clpPX-lon,455901,460466,+
arnBCADTEF,2363932,2371300,+
efeOB,1081466,1083870,+
ycjXF-tyrR,1382141,1386285,+
rlmF,841555,842481,+
zinT,2039399,2040049,+
gapA-yeaD,1860795,1862758,+
yrfG-hslRO,3526691,3528674,+
yeiR-lpxT,2265851,2267589,+
sgrST-setA,77367,78799,+
mcbR,1518286,1518951,+
mltF,2693823,2695379,+
bamD,2734168,2734905,+
zapB,4116538,4116783,+
lptFG,4484241,4486423,+
ygdG,2928987,2929832,+
dtpB,3638885,3640354,+
tff-rpsB-tsf,189712,191708,+
lsrACDBFG-tam,1599514,1606128,+
cyaR,2165138,2165224,+
murJ,1127062,1128597,+
ybjO-rlmC,897212,898868,+
hicAB,1507310,1507948,+
sibA,2151335,2151478,+
sibB,2151670,2151805,+
queD,2890236,2890601,+
nsrR-rnr-rlmB-yjfIJ,4404213,4409274,+
tabA,4472885,4473337,+
ohsC,2698542,2698618,+
talA-tktB,2576688,2579661,+
sibC,3054873,3055013,+
tisB,3851576,3851665,+
matP,1017708,1018160,+
ycgZ-ymgA-ariR-ymgC,1215012,1216219,+
mocA,3013182,3013760,+
fadM,463626,464024,+
yjeV,4390915,4390968,+
arcZ,3348599,3348719,+
yqjA-mzrA,3245795,3246844,+
mraZ-rsmH-ftsLI-murEF-mraY-murD-ftsW-murGC-ddlB-ftsQAZ-lpxC,89634,107474,+
ppsR,1785469,1786302,+
xanP,3826968,3828359,+
dinB-yafNOP,250898,253161,+
feoABC,3538185,3540986,+
fnrS,1407153,1407271,+
dmlA,1879936,1881021,+
ygiM-cca,3199229,3201151,+
alx,3236602,3237567,+
cbrBC,3895529,3896632,+
elfA,997091,997630,+
elfDCG-ycbUVF,997713,1003880,+
zapC,1005175,1005717,+
trmL,3779238,3779711,+
rnlAB,2763940,2765377,+
lpoA,3291422,3293458,+
mgtLA,4465454,4468344,+
alaA-yfbR,2405583,2407483,+
hinT-ycfL-lpoB-thiK-nagZ-ycfP,1161108,1164908,+
preTA,2232055,2234522,+
curA,1517051,1518088,+
yqhD-dkgA,3153377,3155472,+
nrdAB-yfaE,2342887,2346790,+
alaE,2797186,2797635,+
bamE,2751627,2751968,+
rcnAB,2183939,2185320,+
bdcR,4472147,4472740,+
rayT,247637,248134,+
prlF-yhaV,3275024,3275823,+
gcl-hyi-glxR-ybbW-allB-ybbY-glxK,533140,542257,+
ssrS-fau,3054005,3054811,+
mdfA,882896,884128,+
smrA,1404003,1404566,+
smrB,2446628,2447179,+
essD-rrrD-rzpD,576621,577791,+
cra,88028,89032,+
gstA,1712401,1713006,+
mntP,1903712,1904278,+
tamAB-ytfP,4440405,4446258,+
loiP,3079935,3080693,+
yeeRST-cbeA-cbtA-yeeW,2072803,2076158,+
uacT,3029389,3030837,+
yaeQ-arfB-nlpE,214291,215979,+
esrE,4018001,4018252,+
rlmJ,3643408,3644250,+
epmA,4380666,4381643,+
mscK,485760,489122,+
acrZ,793996,794145,+
patA,3217516,3218895,+
rfaD-waaFCL,3792010,3796230,+
panZ,3596007,3596390,+
rcdA,886646,887182,+
pgrR,1390015,1390914,+
yrbG-kdsDC-lptCAB-rpoN-hpf-ptsN-rapZ-npr,3338297,3346260,+
nemRA-gloA,1724047,1726268,+
agrA,3646086,3646169,+
agrB,3646317,3646400,+
puuDRCBE,1359144,1364839,+
ydcSTUV-patD,1509678,1515026,+
mepH,1732459,1733274,+
mepS,2268001,2268567,+
appCBXA,1036963,1041138,+
cydX-ybgE,773419,773825,+
rclR,319451,320305,+
fetAB,515143,516586,+
opgD,1494880,1496535,+
ydfABC,1646532,1647065,+
bepA-yfgD,2614116,2615959,+
ghoST,4350607,4351104,+
opgGH,1108558,1112629,+
adeD,3841987,3843753,+
ubiEJB,4016878,4019889,+
ghxP,4276502,4277851,+
sraB,1145812,1145980,+
xanQ-guaD-ghxQ,3022373,3026510,+
lapAB-pyrF-yciH,1338267,1341008,+
bamA-skp-lpxD-fabZ-lpxAB-rnhB-dnaE,197928,208608,+
dtpA,1710793,1712295,+
chiX,506428,506511,+
ralA,1411580,1411758,+
isrC-flu,2069341,2072682,+
lgoD,4594013,4595035,+
radD,2278654,2280414,+
ldtD,980270,982117,+
sutR,1504196,1504732,+
